<?xml version="1.0" encoding="UTF-8"?>
<metadata xml:lang="en"><Esri><CreaDate>20140820</CreaDate><CreaTime>11305100</CreaTime><ArcGISFormat>1.0</ArcGISFormat><SyncOnce>TRUE</SyncOnce><DataProperties><itemProps><itemLocation><linkage Sync="TRUE">file://\\TATE-PC\Users\Tate\Desktop\Final 1923 pointfiles\Chicago_MfgB_1923</linkage><protocol Sync="TRUE">Local Area Network</protocol></itemLocation></itemProps><copyHistory><copy source="C:\Users\Tate\Desktop\Justin's work\land use pointfiles\Chicago_MfgB_1923" dest="\\TATE-PC\Users\Tate\Desktop\Final 1923 pointfiles\Chicago_MfgB_1923" date="20140820" time="11305100"></copy></copyHistory></DataProperties></Esri></metadata>
